img_name, original_name, transformation_name, arguments, IQA
2011_000652.jpg.brightness_0.png, 2011_000652.jpg,brightness, 0.3055091819699499, 0.39
2010_003409.jpg.brightness_1.png, 2010_003409.jpg,brightness, 0.09015025041736227, 0.58
2010_005519.jpg.brightness_2.png, 2010_005519.jpg,brightness, 0.04674457429048414, 0.88
2010_000466.jpg.brightness_3.png, 2010_000466.jpg,brightness, 0.981636060100167, 0.06
2008_002066.jpg.brightness_4.png, 2008_002066.jpg,brightness, 0.06343906510851419, 0.82
2008_001119.jpg.brightness_5.png, 2008_001119.jpg,brightness, 0.5242070116861436, 0.23
2011_001722.jpg.brightness_6.png, 2011_001722.jpg,brightness, 0.27378964941569284, 0.45
2009_005302.jpg.brightness_7.png, 2009_005302.jpg,brightness, 0.41235392320534225, 0.42
2009_001922.jpg.brightness_8.png, 2009_001922.jpg,brightness, 0.9031719532554258, 0.14
2009_003193.jpg.brightness_9.png, 2009_003193.jpg,brightness, 0.4490818030050084, 0.25
2008_001896.jpg.brightness_10.png, 2008_001896.jpg,brightness, 0.2570951585976628, 0.62
2008_005006.jpg.brightness_11.png, 2008_005006.jpg,brightness, 0.8964941569282138, 0.05
2010_001264.jpg.brightness_12.png, 2010_001264.jpg,brightness, 0.15692821368948248, 0.61
2010_002701.jpg.brightness_13.png, 2010_002701.jpg,brightness, 0.41736227045075125, 0.46
2007_000799.jpg.brightness_14.png, 2007_000799.jpg,brightness, 0.7078464106844742, 0.28
2008_004212.jpg.brightness_15.png, 2008_004212.jpg,brightness, 0.8948247078464107, 0.09
2010_002856.jpg.brightness_16.png, 2010_002856.jpg,brightness, 0.4540901502504174, 0.28
2007_004830.jpg.brightness_17.png, 2007_004830.jpg,brightness, 0.3071786310517529, 0.33
2008_006877.jpg.brightness_18.png, 2008_006877.jpg,brightness, 0.4540901502504174, 0.37
2010_001251.jpg.brightness_19.png, 2010_001251.jpg,brightness, 0.3572621035058431, 0.31
2008_004758.jpg.brightness_20.png, 2008_004758.jpg,brightness, 0.6393989983305509, 0.1
2010_002137.jpg.brightness_21.png, 2010_002137.jpg,brightness, 0.998330550918197, 0.07
2009_003991.jpg.brightness_22.png, 2009_003991.jpg,brightness, 0.7128547579298832, 0.13
2009_000418.jpg.brightness_23.png, 2009_000418.jpg,brightness, 0.15191986644407346, 0.69
2010_002097.jpg.brightness_24.png, 2010_002097.jpg,brightness, 0.10183639398998331, 0.63
2008_005214.jpg.brightness_25.png, 2008_005214.jpg,brightness, 0.05676126878130217, 0.62
2010_000110.jpg.brightness_26.png, 2010_000110.jpg,brightness, 0.1001669449081803, 0.92
2010_000666.jpg.brightness_27.png, 2010_000666.jpg,brightness, 0.20367278797996663, 0.74
2011_000807.jpg.brightness_28.png, 2011_000807.jpg,brightness, 0.5175292153589316, 0.22
2007_008815.jpg.brightness_29.png, 2007_008815.jpg,brightness, 0.5492487479131887, 0.15
2007_000804.jpg.brightness_30.png, 2007_000804.jpg,brightness, 0.5542570951585977, 0.28
2007_009597.jpg.brightness_31.png, 2007_009597.jpg,brightness, 0.4624373956594324, 0.28
2010_002139.jpg.brightness_32.png, 2010_002139.jpg,brightness, 0.2604340567612688, 0.56
2010_001767.jpg.brightness_33.png, 2010_001767.jpg,brightness, 0.10183639398998331, 0.67
2010_005734.jpg.brightness_34.png, 2010_005734.jpg,brightness, 0.8096828046744574, 0.1
2011_000807.jpg.brightness_35.png, 2011_000807.jpg,brightness, 0.4290484140233723, 0.4
2007_005600.jpg.brightness_36.png, 2007_005600.jpg,brightness, 0.27545909849749584, 0.51
2010_000436.jpg.brightness_37.png, 2010_000436.jpg,brightness, 0.17028380634390652, 0.54
2009_002472.jpg.brightness_38.png, 2009_002472.jpg,brightness, 0.6794657762938231, 0.24
2009_002586.jpg.brightness_39.png, 2009_002586.jpg,brightness, 0.2621035058430718, 0.48
2007_003788.jpg.brightness_40.png, 2007_003788.jpg,brightness, 0.20534223706176963, 0.77
2009_001082.jpg.brightness_41.png, 2009_001082.jpg,brightness, 0.09682804674457429, 0.76
2008_000700.jpg.brightness_42.png, 2008_000700.jpg,brightness, 0.8914858096828047, 0.04
2008_005231.jpg.brightness_43.png, 2008_005231.jpg,brightness, 0.27045075125208684, 0.5
2008_003369.jpg.brightness_44.png, 2008_003369.jpg,brightness, 0.7161936560934892, 0.37
2008_003782.jpg.brightness_45.png, 2008_003782.jpg,brightness, 0.6928213689482471, 0.15
2007_007534.jpg.brightness_46.png, 2007_007534.jpg,brightness, 0.6928213689482471, 0.15
2008_004621.jpg.brightness_47.png, 2008_004621.jpg,brightness, 0.7362270450751253, 0.21
2009_000523.jpg.brightness_48.png, 2009_000523.jpg,brightness, 0.9232053422370617, 0.09
2008_000233.jpg.brightness_49.png, 2008_000233.jpg,brightness, 0.6794657762938231, 0.33
2010_001451.jpg.brightness_50.png, 2010_001451.jpg,brightness, 0.8931552587646077, 0.16
2008_003858.jpg.brightness_51.png, 2008_003858.jpg,brightness, 0.19198664440734559, 0.62
2010_005421.jpg.brightness_52.png, 2010_005421.jpg,brightness, 0.39065108514190316, 0.29
2011_001713.jpg.brightness_53.png, 2011_001713.jpg,brightness, 0.994991652754591, 0.08
2010_000075.jpg.brightness_54.png, 2010_000075.jpg,brightness, 0.5876460767946577, 0.39
2011_002956.jpg.brightness_55.png, 2011_002956.jpg,brightness, 0.8213689482470785, 0.12
2010_002139.jpg.brightness_56.png, 2010_002139.jpg,brightness, 0.5826377295492488, 0.26
2010_000978.jpg.brightness_57.png, 2010_000978.jpg,brightness, 0.44574290484140233, 0.32
2007_005149.jpg.brightness_58.png, 2007_005149.jpg,brightness, 0.1302170283806344, 0.89
2010_004948.jpg.brightness_59.png, 2010_004948.jpg,brightness, 0.9165275459098498, 0.1
2007_008802.jpg.brightness_60.png, 2007_008802.jpg,brightness, 0.3956594323873122, 0.34
2009_003090.jpg.brightness_61.png, 2009_003090.jpg,brightness, 0.6393989983305509, 0.17
2011_001589.jpg.brightness_62.png, 2011_001589.jpg,brightness, 0.09682804674457429, 0.82
2008_000226.jpg.brightness_63.png, 2008_000226.jpg,brightness, 0.3722871452420701, 0.38
2009_000028.jpg.brightness_64.png, 2009_000028.jpg,brightness, 0.21202003338898165, 0.62
2011_000888.jpg.brightness_65.png, 2011_000888.jpg,brightness, 0.06010016694490818, 0.88
2011_000216.jpg.brightness_66.png, 2011_000216.jpg,brightness, 0.11853088480801335, 0.8
2008_008469.jpg.brightness_67.png, 2008_008469.jpg,brightness, 0.4657762938230384, 0.34
2011_000070.jpg.brightness_68.png, 2011_000070.jpg,brightness, 0.27378964941569284, 0.62
2009_004328.jpg.brightness_69.png, 2009_004328.jpg,brightness, 0.8414023372287146, 0.08
2009_002010.jpg.brightness_70.png, 2009_002010.jpg,brightness, 0.8163606010016695, 0.09
2009_003039.jpg.brightness_71.png, 2009_003039.jpg,brightness, 0.4724540901502504, 0.25
2009_002072.jpg.brightness_72.png, 2009_002072.jpg,brightness, 0.08013355592654424, 0.79
2010_005494.jpg.brightness_73.png, 2010_005494.jpg,brightness, 0.6343906510851419, 0.13
2009_004732.jpg.brightness_74.png, 2009_004732.jpg,brightness, 0.6811352253756261, 0.1
2008_003701.jpg.brightness_75.png, 2008_003701.jpg,brightness, 0.41402337228714525, 0.42
2007_001585.jpg.brightness_76.png, 2007_001585.jpg,brightness, 0.8447412353923206, 0.12
2009_002083.jpg.brightness_77.png, 2009_002083.jpg,brightness, 0.32387312186978295, 0.43
2011_002872.jpg.brightness_78.png, 2011_002872.jpg,brightness, 0.3038397328881469, 0.45
2008_002936.jpg.brightness_79.png, 2008_002936.jpg,brightness, 0.43739565943238734, 0.27
2010_001850.jpg.brightness_80.png, 2010_001850.jpg,brightness, 0.3539232053422371, 0.35
2011_002509.jpg.brightness_81.png, 2011_002509.jpg,brightness, 0.13689482470784642, 0.72
2009_001684.jpg.brightness_82.png, 2009_001684.jpg,brightness, 0.1903171953255426, 0.49
2008_005812.jpg.brightness_83.png, 2008_005812.jpg,brightness, 0.8764607679465777, 0.22
2008_005145.jpg.brightness_84.png, 2008_005145.jpg,brightness, 0.66110183639399, 0.28
2011_001135.jpg.brightness_85.png, 2011_001135.jpg,brightness, 0.4624373956594324, 0.28
2007_006066.jpg.brightness_86.png, 2007_006066.jpg,brightness, 0.1318864774624374, 0.77
2010_001576.jpg.brightness_87.png, 2010_001576.jpg,brightness, 0.5041736227045075, 0.29
2008_006063.jpg.brightness_88.png, 2008_006063.jpg,brightness, 0.5843071786310517, 0.2
2008_005375.jpg.brightness_89.png, 2008_005375.jpg,brightness, 0.662771285475793, 0.14
2011_002134.jpg.brightness_90.png, 2011_002134.jpg,brightness, 0.27712854757929883, 0.44
2008_005680.jpg.brightness_91.png, 2008_005680.jpg,brightness, 0.9282136894824708, 0.13
2008_007245.jpg.brightness_92.png, 2008_007245.jpg,brightness, 0.018363939899833055, 0.92
2007_007084.jpg.brightness_93.png, 2007_007084.jpg,brightness, 0.5742904841402338, 0.14
2010_001403.jpg.brightness_94.png, 2010_001403.jpg,brightness, 0.24874791318864775, 0.59
2010_000084.jpg.brightness_95.png, 2010_000084.jpg,brightness, 0.8247078464106845, 0.09
2009_005130.jpg.brightness_96.png, 2009_005130.jpg,brightness, 0.4908180300500835, 0.32
2009_000919.jpg.brightness_97.png, 2009_000919.jpg,brightness, 0.7762938230383973, 0.11
2008_006748.jpg.brightness_98.png, 2008_006748.jpg,brightness, 0.19532554257095158, 0.57
2011_002150.jpg.brightness_99.png, 2011_002150.jpg,brightness, 0.5525876460767947, 0.21
2009_001008.jpg.brightness_100.png, 2009_001008.jpg,brightness, 0.0333889816360601, 0.91
2009_003938.jpg.brightness_101.png, 2009_003938.jpg,brightness, 0.12020033388981637, 0.66
2010_004635.jpg.brightness_102.png, 2010_004635.jpg,brightness, 0.05008347245409015, 0.89
2010_004419.jpg.brightness_103.png, 2010_004419.jpg,brightness, 0.8363939899833055, 0.12
2009_002035.jpg.brightness_104.png, 2009_002035.jpg,brightness, 0.666110183639399, 0.16
2010_005871.jpg.brightness_105.png, 2010_005871.jpg,brightness, 0.3589315525876461, 0.52
2008_001169.jpg.brightness_106.png, 2008_001169.jpg,brightness, 0.6110183639398998, 0.2
2008_001478.jpg.brightness_107.png, 2008_001478.jpg,brightness, 0.39065108514190316, 0.29
2008_005399.jpg.brightness_108.png, 2008_005399.jpg,brightness, 0.21869782971619367, 0.53
2010_004766.jpg.brightness_109.png, 2010_004766.jpg,brightness, 0.6878130217028381, 0.11
2010_004625.jpg.brightness_110.png, 2010_004625.jpg,brightness, 0.7929883138564274, 0.11
2008_005839.jpg.brightness_111.png, 2008_005839.jpg,brightness, 0.4507512520868114, 0.28
2010_000874.jpg.brightness_112.png, 2010_000874.jpg,brightness, 0.08514190317195326, 0.66
2010_003231.jpg.brightness_113.png, 2010_003231.jpg,brightness, 0.8564273789649416, 0.06
2008_007143.jpg.brightness_114.png, 2008_007143.jpg,brightness, 0.03171953255425709, 0.97
2011_001082.jpg.brightness_115.png, 2011_001082.jpg,brightness, 0.8514190317195326, 0.1
2007_007902.jpg.brightness_116.png, 2007_007902.jpg,brightness, 0.07512520868113523, 0.79
2009_002035.jpg.brightness_117.png, 2009_002035.jpg,brightness, 0.7679465776293823, 0.13
2007_002845.jpg.brightness_118.png, 2007_002845.jpg,brightness, 0.7762938230383973, 0.2
2009_000731.jpg.brightness_119.png, 2009_000731.jpg,brightness, 0.14524207011686144, 0.65
2010_003088.jpg.brightness_120.png, 2010_003088.jpg,brightness, 0.08347245409015025, 0.92
2011_003003.jpg.brightness_121.png, 2011_003003.jpg,brightness, 0.9048414023372288, 0.04
2010_002900.jpg.brightness_122.png, 2010_002900.jpg,brightness, 0.9215358931552587, 0.05
2010_002107.jpg.brightness_123.png, 2010_002107.jpg,brightness, 0.48747913188647746, 0.27
2008_001402.jpg.brightness_124.png, 2008_001402.jpg,brightness, 0.656093489148581, 0.16
2011_001292.jpg.brightness_125.png, 2011_001292.jpg,brightness, 0.649415692821369, 0.18
2009_002594.jpg.brightness_126.png, 2009_002594.jpg,brightness, 0.6026711185308848, 0.05
2007_004649.jpg.brightness_127.png, 2007_004649.jpg,brightness, 0.8747913188647747, 0.1
2007_003110.jpg.brightness_128.png, 2007_003110.jpg,brightness, 0.6410684474123539, 0.23
2010_004493.jpg.brightness_129.png, 2010_004493.jpg,brightness, 0.24040066777963273, 0.55
2007_003668.jpg.brightness_130.png, 2007_003668.jpg,brightness, 0.7929883138564274, 0.29
2010_004916.jpg.brightness_131.png, 2010_004916.jpg,brightness, 0.657762938230384, 0.3
2009_003043.jpg.brightness_132.png, 2009_003043.jpg,brightness, 0.21869782971619367, 0.67
2011_000400.jpg.brightness_133.png, 2011_000400.jpg,brightness, 0.5325542570951586, 0.52
2007_001423.jpg.brightness_134.png, 2007_001423.jpg,brightness, 0.5475792988313857, 0.45
2008_002681.jpg.brightness_135.png, 2008_002681.jpg,brightness, 0.08681135225375626, 0.68
2008_004983.jpg.brightness_136.png, 2008_004983.jpg,brightness, 0.6911519198664441, 0.29
2008_004750.jpg.brightness_137.png, 2008_004750.jpg,brightness, 0.7712854757929883, 0.16
2009_002164.jpg.brightness_138.png, 2009_002164.jpg,brightness, 0.6193656093489148, 0.19
2011_000025.jpg.brightness_139.png, 2011_000025.jpg,brightness, 0.48247078464106846, 0.27
2007_009923.jpg.brightness_140.png, 2007_009923.jpg,brightness, 0.6327212020033389, 0.2
2009_004656.jpg.brightness_141.png, 2009_004656.jpg,brightness, 0.5509181969949917, 0.26
2009_000420.jpg.brightness_142.png, 2009_000420.jpg,brightness, 0.01001669449081803, 0.97
2008_000711.jpg.brightness_143.png, 2008_000711.jpg,brightness, 0.3789649415692821, 0.37
2010_001374.jpg.brightness_144.png, 2010_001374.jpg,brightness, 0.9232053422370617, 0.15
2008_008711.jpg.brightness_145.png, 2008_008711.jpg,brightness, 0.327212020033389, 0.29
2008_002032.jpg.brightness_146.png, 2008_002032.jpg,brightness, 0.6343906510851419, 0.25
2010_000810.jpg.brightness_147.png, 2010_000810.jpg,brightness, 0.7813021702838063, 0.13
2007_002361.jpg.brightness_148.png, 2007_002361.jpg,brightness, 0.34056761268781305, 0.58
2010_000038.jpg.brightness_149.png, 2010_000038.jpg,brightness, 0.4240400667779633, 0.47
2009_004368.jpg.brightness_150.png, 2009_004368.jpg,brightness, 0.9482470784641068, 0.07
2008_004610.jpg.brightness_151.png, 2008_004610.jpg,brightness, 0.041736227045075125, 0.77
2008_003511.jpg.brightness_152.png, 2008_003511.jpg,brightness, 0.6126878130217028, 0.18
2009_004091.jpg.brightness_153.png, 2009_004091.jpg,brightness, 0.5442404006677797, 0.28
2010_004072.jpg.brightness_154.png, 2010_004072.jpg,brightness, 0.2604340567612688, 0.32
2007_006254.jpg.brightness_155.png, 2007_006254.jpg,brightness, 0.17195325542570952, 0.56
2010_003060.jpg.brightness_156.png, 2010_003060.jpg,brightness, 0.39232053422370616, 0.67
2010_002440.jpg.brightness_157.png, 2010_002440.jpg,brightness, 0.3522537562604341, 0.35
2008_007811.jpg.brightness_158.png, 2008_007811.jpg,brightness, 0.8046744574290484, 0.25
2009_002808.jpg.brightness_159.png, 2009_002808.jpg,brightness, 0.09682804674457429, 0.81
2010_000661.jpg.brightness_160.png, 2010_000661.jpg,brightness, 0.3055091819699499, 0.46
2009_000015.jpg.brightness_161.png, 2009_000015.jpg,brightness, 0.337228714524207, 0.3
2007_002212.jpg.brightness_162.png, 2007_002212.jpg,brightness, 0.01001669449081803, 0.99
2010_003746.jpg.brightness_163.png, 2010_003746.jpg,brightness, 0.2353923205342237, 0.65
2011_002385.jpg.brightness_164.png, 2011_002385.jpg,brightness, 0.6811352253756261, 0.26
2008_004321.jpg.brightness_165.png, 2008_004321.jpg,brightness, 0.8430717863105176, 0.06
2007_002273.jpg.brightness_166.png, 2007_002273.jpg,brightness, 0.3071786310517529, 0.36
2010_002382.jpg.brightness_167.png, 2010_002382.jpg,brightness, 0.24707846410684475, 0.67
2008_002504.jpg.brightness_168.png, 2008_002504.jpg,brightness, 0.6393989983305509, 0.22
2008_003369.jpg.brightness_169.png, 2008_003369.jpg,brightness, 0.47746243739565947, 0.57
2011_003019.jpg.brightness_170.png, 2011_003019.jpg,brightness, 0.01001669449081803, 0.99
2007_000033.jpg.brightness_171.png, 2007_000033.jpg,brightness, 0.02671118530884808, 0.96
2010_005187.jpg.brightness_172.png, 2010_005187.jpg,brightness, 0.9749582637729549, 0.11
2009_003164.jpg.brightness_173.png, 2009_003164.jpg,brightness, 0.6343906510851419, 0.11
2010_004559.jpg.brightness_174.png, 2010_004559.jpg,brightness, 0.8263772954924875, 0.07
2009_001731.jpg.brightness_175.png, 2009_001731.jpg,brightness, 0.07512520868113523, 0.84
2010_006009.jpg.brightness_176.png, 2010_006009.jpg,brightness, 0.9649415692821369, 0.06
2009_001782.jpg.brightness_177.png, 2009_001782.jpg,brightness, 0.2587646076794658, 0.45
2007_007908.jpg.brightness_178.png, 2007_007908.jpg,brightness, 0.8046744574290484, 0.2
2010_000076.jpg.brightness_179.png, 2010_000076.jpg,brightness, 0.9782971619365609, 0.03
2007_000733.jpg.brightness_180.png, 2007_000733.jpg,brightness, 0.9666110183639399, 0.08
2010_001131.jpg.brightness_181.png, 2010_001131.jpg,brightness, 0.8747913188647747, 0.22
2009_000839.jpg.brightness_182.png, 2009_000839.jpg,brightness, 0.31385642737896496, 0.55
2010_000087.jpg.brightness_183.png, 2010_000087.jpg,brightness, 0.9599332220367279, 0.04
2007_002132.jpg.brightness_184.png, 2007_002132.jpg,brightness, 0.7696160267111853, 0.19
2007_000804.jpg.brightness_185.png, 2007_000804.jpg,brightness, 0.8430717863105176, 0.16
2009_002972.jpg.brightness_186.png, 2009_002972.jpg,brightness, 0.9682804674457429, 0.15
2009_004434.jpg.brightness_187.png, 2009_004434.jpg,brightness, 0.05676126878130217, 0.82
2011_001972.jpg.brightness_188.png, 2011_001972.jpg,brightness, 0.7529215358931552, 0.27
2009_004653.jpg.brightness_189.png, 2009_004653.jpg,brightness, 0.8614357262103506, 0.26
2011_002279.jpg.brightness_190.png, 2011_002279.jpg,brightness, 0.8547579298831386, 0.08
2010_000675.jpg.brightness_191.png, 2010_000675.jpg,brightness, 0.12020033388981637, 0.92
2009_002387.jpg.brightness_192.png, 2009_002387.jpg,brightness, 0.6761268781302171, 0.19
2007_006400.jpg.brightness_193.png, 2007_006400.jpg,brightness, 0.12520868113522537, 0.71
2011_000283.jpg.brightness_194.png, 2011_000283.jpg,brightness, 0.8030050083472454, 0.06
2010_004365.jpg.brightness_195.png, 2010_004365.jpg,brightness, 0.28213689482470783, 0.51
2010_003541.jpg.brightness_196.png, 2010_003541.jpg,brightness, 0.038397328881469114, 0.9
2009_002749.jpg.brightness_197.png, 2009_002749.jpg,brightness, 0.652754590984975, 0.29
2009_002423.jpg.brightness_198.png, 2009_002423.jpg,brightness, 0.8664440734557596, 0.09
2007_003431.jpg.brightness_199.png, 2007_003431.jpg,brightness, 0.327212020033389, 0.56
2008_004914.jpg.brightness_200.png, 2008_004914.jpg,brightness, 0.11519198664440734, 0.51
2007_000847.jpg.brightness_201.png, 2007_000847.jpg,brightness, 0.048414023372287146, 0.83
2007_001420.jpg.brightness_202.png, 2007_001420.jpg,brightness, 0.6794657762938231, 0.25
2011_001910.jpg.brightness_203.png, 2011_001910.jpg,brightness, 0.7762938230383973, 0.12
2010_004635.jpg.brightness_204.png, 2010_004635.jpg,brightness, 0.7228714524207012, 0.1
2009_002317.jpg.brightness_205.png, 2009_002317.jpg,brightness, 0.24707846410684475, 0.49
2010_005500.jpg.brightness_206.png, 2010_005500.jpg,brightness, 0.07345575959933222, 0.83
2010_001327.jpg.brightness_207.png, 2010_001327.jpg,brightness, 0.34056761268781305, 0.35
2008_000197.jpg.brightness_208.png, 2008_000197.jpg,brightness, 0.664440734557596, 0.29
2009_004084.jpg.brightness_209.png, 2009_004084.jpg,brightness, 0.2604340567612688, 0.73
2010_001515.jpg.brightness_210.png, 2010_001515.jpg,brightness, 0.6377295492487479, 0.16
2008_002762.jpg.brightness_211.png, 2008_002762.jpg,brightness, 0.3739565943238731, 0.34
2011_000216.jpg.brightness_212.png, 2011_000216.jpg,brightness, 0.8881469115191987, 0.06
2007_004275.jpg.brightness_213.png, 2007_004275.jpg,brightness, 0.66110183639399, 0.15
2009_004191.jpg.brightness_214.png, 2009_004191.jpg,brightness, 0.7111853088480802, 0.12
2008_004101.jpg.brightness_215.png, 2008_004101.jpg,brightness, 0.3639398998330551, 0.41
2010_004074.jpg.brightness_216.png, 2010_004074.jpg,brightness, 0.9666110183639399, 0.18
2010_005706.jpg.brightness_217.png, 2010_005706.jpg,brightness, 0.979966611018364, 0.08
2010_003119.jpg.brightness_218.png, 2010_003119.jpg,brightness, 0.48580968280467446, 0.19
2009_005247.jpg.brightness_219.png, 2009_005247.jpg,brightness, 0.6227045075125209, 0.15
2008_006140.jpg.brightness_220.png, 2008_006140.jpg,brightness, 0.7195325542570952, 0.1
2009_001687.jpg.brightness_221.png, 2009_001687.jpg,brightness, 0.8063439065108514, 0.1
2009_000705.jpg.brightness_222.png, 2009_000705.jpg,brightness, 0.25208681135225375, 0.6
2010_005457.jpg.brightness_223.png, 2010_005457.jpg,brightness, 0.2654424040066778, 0.44
2008_003777.jpg.brightness_224.png, 2008_003777.jpg,brightness, 0.6043405676126878, 0.23
2010_002054.jpg.brightness_225.png, 2010_002054.jpg,brightness, 0.02337228714524207, 0.97
2008_005874.jpg.brightness_226.png, 2008_005874.jpg,brightness, 0.3005008347245409, 0.43
2011_001621.jpg.brightness_227.png, 2011_001621.jpg,brightness, 0.0667779632721202, 0.79
2009_003343.jpg.brightness_228.png, 2009_003343.jpg,brightness, 0.0984974958263773, 0.7
2007_007996.jpg.brightness_229.png, 2007_007996.jpg,brightness, 0.5626043405676127, 0.27
2007_004663.jpg.brightness_230.png, 2007_004663.jpg,brightness, 0.1636060100166945, 0.72
2011_000025.jpg.brightness_231.png, 2011_000025.jpg,brightness, 0.8330550918196995, 0.11
2010_001767.jpg.brightness_232.png, 2010_001767.jpg,brightness, 0.9716193656093489, 0.08
2008_006920.jpg.brightness_233.png, 2008_006920.jpg,brightness, 0.9382303839732888, 0.28
2009_004990.jpg.brightness_234.png, 2009_004990.jpg,brightness, 0.6761268781302171, 0.15
2009_001036.jpg.brightness_235.png, 2009_001036.jpg,brightness, 0.4540901502504174, 0.26
2008_005676.jpg.brightness_236.png, 2008_005676.jpg,brightness, 0.9081803005008348, 0.11
2010_001579.jpg.brightness_237.png, 2010_001579.jpg,brightness, 0.7078464106844742, 0.14
2007_002462.jpg.brightness_238.png, 2007_002462.jpg,brightness, 0.03672787979966611, 0.88
2008_006558.jpg.brightness_239.png, 2008_006558.jpg,brightness, 0.2637729549248748, 0.48
2009_002885.jpg.brightness_240.png, 2009_002885.jpg,brightness, 0.4490818030050084, 0.25
2010_005626.jpg.brightness_241.png, 2010_005626.jpg,brightness, 0.652754590984975, 0.16
2008_004612.jpg.brightness_242.png, 2008_004612.jpg,brightness, 0.47746243739565947, 0.51
2007_002668.jpg.brightness_243.png, 2007_002668.jpg,brightness, 0.8263772954924875, 0.13
2009_003636.jpg.brightness_244.png, 2009_003636.jpg,brightness, 0.7829716193656093, 0.12
2008_002623.jpg.brightness_245.png, 2008_002623.jpg,brightness, 0.3772954924874791, 0.44
2011_003184.jpg.brightness_246.png, 2011_003184.jpg,brightness, 0.6360601001669449, 0.15
2009_003975.jpg.brightness_247.png, 2009_003975.jpg,brightness, 0.6777963272120201, 0.19
2007_006444.jpg.brightness_248.png, 2007_006444.jpg,brightness, 0.984974958263773, 0.2
2010_005952.jpg.brightness_249.png, 2010_005952.jpg,brightness, 0.5993322203672788, 0.24
2010_001699.jpg.brightness_250.png, 2010_001699.jpg,brightness, 0.44240400667779634, 0.33
2008_003477.jpg.brightness_251.png, 2008_003477.jpg,brightness, 0.24040066777963273, 0.51
2009_003005.jpg.brightness_252.png, 2009_003005.jpg,brightness, 0.9766277128547579, 0.18
2010_001264.jpg.brightness_253.png, 2010_001264.jpg,brightness, 0.8964941569282138, 0.1
2008_007433.jpg.brightness_254.png, 2008_007433.jpg,brightness, 0.6928213689482471, 0.32
2007_005314.jpg.brightness_255.png, 2007_005314.jpg,brightness, 0.2888146911519199, 0.56
2008_004441.jpg.brightness_256.png, 2008_004441.jpg,brightness, 0.1302170283806344, 0.59
2010_000682.jpg.brightness_257.png, 2010_000682.jpg,brightness, 0.652754590984975, 0.16
2008_001467.jpg.brightness_258.png, 2008_001467.jpg,brightness, 0.9398998330550918, 0.2
2009_000408.jpg.brightness_259.png, 2009_000408.jpg,brightness, 0.12353923205342238, 0.65
2008_005074.jpg.brightness_260.png, 2008_005074.jpg,brightness, 0.13522537562604342, 0.64
2009_005130.jpg.brightness_261.png, 2009_005130.jpg,brightness, 0.6377295492487479, 0.28
2010_002161.jpg.brightness_262.png, 2010_002161.jpg,brightness, 0.48414023372287146, 0.24
2010_004900.jpg.brightness_263.png, 2010_004900.jpg,brightness, 0.7061769616026712, 0.3
2010_002348.jpg.brightness_264.png, 2010_002348.jpg,brightness, 0.5008347245409015, 0.28
2011_002111.jpg.brightness_265.png, 2011_002111.jpg,brightness, 0.7078464106844742, 0.08
2007_005064.jpg.brightness_266.png, 2007_005064.jpg,brightness, 0.5792988313856428, 0.21
2011_001232.jpg.brightness_267.png, 2011_001232.jpg,brightness, 0.7829716193656093, 0.12
2010_005501.jpg.brightness_268.png, 2010_005501.jpg,brightness, 0.5025041736227045, 0.19
2008_002993.jpg.brightness_269.png, 2008_002993.jpg,brightness, 0.9165275459098498, 0.07
2008_006920.jpg.brightness_270.png, 2008_006920.jpg,brightness, 0.5959933222036728, 0.39
2009_004117.jpg.brightness_271.png, 2009_004117.jpg,brightness, 0.4574290484140234, 0.32
2008_000515.jpg.brightness_272.png, 2008_000515.jpg,brightness, 0.48914858096828046, 0.32
2010_004144.jpg.brightness_273.png, 2010_004144.jpg,brightness, 0.9699499165275459, 0.35
2010_002379.jpg.brightness_274.png, 2010_002379.jpg,brightness, 0.6410684474123539, 0.3
2008_002247.jpg.brightness_275.png, 2008_002247.jpg,brightness, 0.0984974958263773, 0.8
2009_003666.jpg.brightness_276.png, 2009_003666.jpg,brightness, 0.7979966611018364, 0.1
2010_004419.jpg.brightness_277.png, 2010_004419.jpg,brightness, 0.659432387312187, 0.13
2009_002888.jpg.brightness_278.png, 2009_002888.jpg,brightness, 0.3572621035058431, 0.3
2009_002390.jpg.brightness_279.png, 2009_002390.jpg,brightness, 0.7929883138564274, 0.13
2009_002185.jpg.brightness_280.png, 2009_002185.jpg,brightness, 0.15025041736227046, 0.57
2008_002894.jpg.brightness_281.png, 2008_002894.jpg,brightness, 0.3539232053422371, 0.46
2008_005698.jpg.brightness_282.png, 2008_005698.jpg,brightness, 0.0951585976627713, 0.92
2009_003353.jpg.brightness_283.png, 2009_003353.jpg,brightness, 0.656093489148581, 0.15
2007_009096.jpg.brightness_284.png, 2007_009096.jpg,brightness, 0.31886477462437396, 0.52
2010_002902.jpg.brightness_285.png, 2010_002902.jpg,brightness, 0.9449081803005008, 0.09
2009_003323.jpg.brightness_286.png, 2009_003323.jpg,brightness, 0.018363939899833055, 0.96
2007_003131.jpg.brightness_287.png, 2007_003131.jpg,brightness, 0.4908180300500835, 0.2
2009_002117.jpg.brightness_288.png, 2009_002117.jpg,brightness, 0.17696160267111855, 0.48
2007_007996.jpg.brightness_289.png, 2007_007996.jpg,brightness, 0.6377295492487479, 0.22
2007_003714.jpg.brightness_290.png, 2007_003714.jpg,brightness, 0.7629382303839733, 0.09
2010_004180.jpg.brightness_291.png, 2010_004180.jpg,brightness, 0.4257095158597663, 0.28
2011_000006.jpg.brightness_292.png, 2011_000006.jpg,brightness, 0.21535893155258765, 0.74
2007_006841.jpg.brightness_293.png, 2007_006841.jpg,brightness, 0.44407345575959933, 0.32
2010_000941.jpg.brightness_294.png, 2010_000941.jpg,brightness, 0.36560934891485813, 0.29
2009_000895.jpg.brightness_295.png, 2009_000895.jpg,brightness, 0.7378964941569283, 0.19
2009_003217.jpg.brightness_296.png, 2009_003217.jpg,brightness, 0.11018363939899833, 0.71
2008_005938.jpg.brightness_297.png, 2008_005938.jpg,brightness, 0.9248747913188649, 0.13
2009_001783.jpg.brightness_298.png, 2009_001783.jpg,brightness, 0.8681135225375626, 0.12
2009_004592.jpg.brightness_299.png, 2009_004592.jpg,brightness, 0.9716193656093489, 0.05
2009_001687.jpg.brightness_300.png, 2009_001687.jpg,brightness, 0.4524207011686144, 0.27
2007_000032.jpg.brightness_301.png, 2007_000032.jpg,brightness, 0.3555926544240401, 0.54
2008_001479.jpg.brightness_302.png, 2008_001479.jpg,brightness, 0.34223706176961605, 0.54
2007_006134.jpg.brightness_303.png, 2007_006134.jpg,brightness, 0.5392320534223707, 0.23
2008_003676.jpg.brightness_304.png, 2008_003676.jpg,brightness, 0.333889816360601, 0.48
2007_005547.jpg.brightness_305.png, 2007_005547.jpg,brightness, 0.7445742904841403, 0.09
2008_008324.jpg.brightness_306.png, 2008_008324.jpg,brightness, 0.667779632721202, 0.17
2007_007748.jpg.brightness_307.png, 2007_007748.jpg,brightness, 0.07846410684474124, 0.82
2009_000704.jpg.brightness_308.png, 2009_000704.jpg,brightness, 0.4290484140233723, 0.32
2007_008708.jpg.brightness_309.png, 2007_008708.jpg,brightness, 0.27212020033388984, 0.52
2007_004856.jpg.brightness_310.png, 2007_004856.jpg,brightness, 0.7595993322203674, 0.27
2008_000782.jpg.brightness_311.png, 2008_000782.jpg,brightness, 0.2988313856427379, 0.46
2011_001133.jpg.brightness_312.png, 2011_001133.jpg,brightness, 0.12020033388981637, 0.97
2008_007596.jpg.brightness_313.png, 2008_007596.jpg,brightness, 0.6460767946577629, 0.45
2011_000278.jpg.brightness_314.png, 2011_000278.jpg,brightness, 0.08347245409015025, 0.88
2008_004101.jpg.brightness_315.png, 2008_004101.jpg,brightness, 0.7161936560934892, 0.13
2010_004805.jpg.brightness_316.png, 2010_004805.jpg,brightness, 0.6427378964941569, 0.2
2011_000312.jpg.brightness_317.png, 2011_000312.jpg,brightness, 0.27712854757929883, 0.47
2008_005843.jpg.brightness_318.png, 2008_005843.jpg,brightness, 0.2838063439065109, 0.65
2011_001133.jpg.brightness_319.png, 2011_001133.jpg,brightness, 0.1652754590984975, 0.79
2011_001421.jpg.brightness_320.png, 2011_001421.jpg,brightness, 0.13689482470784642, 0.5
2010_001386.jpg.brightness_321.png, 2010_001386.jpg,brightness, 0.8030050083472454, 0.14
2010_003275.jpg.brightness_322.png, 2010_003275.jpg,brightness, 0.6811352253756261, 0.26
2009_002618.jpg.brightness_323.png, 2009_002618.jpg,brightness, 0.8297161936560935, 0.23
2009_001036.jpg.brightness_324.png, 2009_001036.jpg,brightness, 0.1903171953255426, 0.62
2008_001829.jpg.brightness_325.png, 2008_001829.jpg,brightness, 0.6260434056761269, 0.07
2008_007165.jpg.brightness_326.png, 2008_007165.jpg,brightness, 0.9298831385642738, 0.11
2010_005119.jpg.brightness_327.png, 2010_005119.jpg,brightness, 0.38731218697829717, 0.3
2007_002046.jpg.brightness_328.png, 2007_002046.jpg,brightness, 0.14190317195325544, 0.6
2009_003555.jpg.brightness_329.png, 2009_003555.jpg,brightness, 0.011686143572621035, 0.97
2009_001163.jpg.brightness_330.png, 2009_001163.jpg,brightness, 0.7445742904841403, 0.12
2009_004336.jpg.brightness_331.png, 2009_004336.jpg,brightness, 0.04674457429048414, 0.86
2009_000013.jpg.brightness_332.png, 2009_000013.jpg,brightness, 0.07512520868113523, 0.8
2011_000178.jpg.brightness_333.png, 2011_000178.jpg,brightness, 0.0667779632721202, 0.83
2007_007523.jpg.brightness_334.png, 2007_007523.jpg,brightness, 0.3071786310517529, 0.45
2007_009320.jpg.brightness_335.png, 2007_009320.jpg,brightness, 0.5308848080133556, 0.23
2007_005227.jpg.brightness_336.png, 2007_005227.jpg,brightness, 0.8196994991652755, 0.09
2008_004701.jpg.brightness_337.png, 2008_004701.jpg,brightness, 0.7729549248747913, 0.14
2011_002111.jpg.brightness_338.png, 2011_002111.jpg,brightness, 0.018363939899833055, 0.95
2007_008670.jpg.brightness_339.png, 2007_008670.jpg,brightness, 0.8580968280467446, 0.06
2009_002651.jpg.brightness_340.png, 2009_002651.jpg,brightness, 0.8297161936560935, 0.07
2010_004322.jpg.brightness_341.png, 2010_004322.jpg,brightness, 0.5358931552587646, 0.34
2008_000290.jpg.brightness_342.png, 2008_000290.jpg,brightness, 0.7495826377295493, 0.16
2007_000663.jpg.brightness_343.png, 2007_000663.jpg,brightness, 0.038397328881469114, 0.86
2007_002024.jpg.brightness_344.png, 2007_002024.jpg,brightness, 0.3806343906510852, 0.32
2009_003666.jpg.brightness_345.png, 2009_003666.jpg,brightness, 0.8247078464106845, 0.09
2008_000510.jpg.brightness_346.png, 2008_000510.jpg,brightness, 0.6961602671118531, 0.1
2008_007691.jpg.brightness_347.png, 2008_007691.jpg,brightness, 0.4557595993322204, 0.44
2009_004186.jpg.brightness_348.png, 2009_004186.jpg,brightness, 0.4290484140233723, 0.27
2009_001240.jpg.brightness_349.png, 2009_001240.jpg,brightness, 0.9232053422370617, 0.09
2008_002623.jpg.brightness_350.png, 2008_002623.jpg,brightness, 0.08681135225375626, 0.86
2008_004430.jpg.brightness_351.png, 2008_004430.jpg,brightness, 0.5525876460767947, 0.38
2007_008821.jpg.brightness_352.png, 2007_008821.jpg,brightness, 0.43572621035058434, 0.32
2009_004790.jpg.brightness_353.png, 2009_004790.jpg,brightness, 0.27045075125208684, 0.37
2007_006899.jpg.brightness_354.png, 2007_006899.jpg,brightness, 0.5175292153589316, 0.22
2010_000836.jpg.brightness_355.png, 2010_000836.jpg,brightness, 0.07178631051752922, 0.93
2007_008802.jpg.brightness_356.png, 2007_008802.jpg,brightness, 0.09015025041736227, 0.79
2009_003666.jpg.brightness_357.png, 2009_003666.jpg,brightness, 0.27712854757929883, 0.42
2011_000291.jpg.brightness_358.png, 2011_000291.jpg,brightness, 0.5575959933222037, 0.25
2007_007211.jpg.brightness_359.png, 2007_007211.jpg,brightness, 0.8564273789649416, 0.09
2009_000201.jpg.brightness_360.png, 2009_000201.jpg,brightness, 0.18363939899833057, 0.63
2009_004509.jpg.brightness_361.png, 2009_004509.jpg,brightness, 0.9198664440734557, 0.04
2007_001717.jpg.brightness_362.png, 2007_001717.jpg,brightness, 0.4340567612687813, 0.32
2008_001546.jpg.brightness_363.png, 2008_001546.jpg,brightness, 0.659432387312187, 0.27
2009_005130.jpg.brightness_364.png, 2009_005130.jpg,brightness, 0.9115191986644408, 0.25
2011_001475.jpg.brightness_365.png, 2011_001475.jpg,brightness, 0.06343906510851419, 0.94
2007_000504.jpg.brightness_366.png, 2007_000504.jpg,brightness, 0.4240400667779633, 0.23
2011_000268.jpg.brightness_367.png, 2011_000268.jpg,brightness, 0.08681135225375626, 0.86
2007_009788.jpg.brightness_368.png, 2007_009788.jpg,brightness, 0.8948247078464107, 0.08
2007_002545.jpg.brightness_369.png, 2007_002545.jpg,brightness, 0.14023372287145242, 0.81
2010_001933.jpg.brightness_370.png, 2010_001933.jpg,brightness, 0.4207011686143573, 0.24
2010_003381.jpg.brightness_371.png, 2010_003381.jpg,brightness, 0.9348914858096828, 0.1
2007_005696.jpg.brightness_372.png, 2007_005696.jpg,brightness, 0.31552587646076796, 0.75
2011_000428.jpg.brightness_373.png, 2011_000428.jpg,brightness, 0.18864774624373956, 0.72
2010_004219.jpg.brightness_374.png, 2010_004219.jpg,brightness, 0.330550918196995, 0.38
2011_000438.jpg.brightness_375.png, 2011_000438.jpg,brightness, 0.4006677796327212, 0.43
2008_004358.jpg.brightness_376.png, 2008_004358.jpg,brightness, 0.08681135225375626, 0.66
2011_001133.jpg.brightness_377.png, 2011_001133.jpg,brightness, 0.9365609348914858, 0.45
2007_008815.jpg.brightness_378.png, 2007_008815.jpg,brightness, 0.5258764607679466, 0.17
2011_002335.jpg.brightness_379.png, 2011_002335.jpg,brightness, 0.996661101836394, 0.09
2008_001741.jpg.brightness_380.png, 2008_001741.jpg,brightness, 0.48747913188647746, 0.41
2010_004620.jpg.brightness_381.png, 2010_004620.jpg,brightness, 0.38898163606010017, 0.36
2010_001553.jpg.brightness_382.png, 2010_001553.jpg,brightness, 0.984974958263773, 0.06
2008_004654.jpg.brightness_383.png, 2008_004654.jpg,brightness, 0.332220367278798, 0.52
2008_006143.jpg.brightness_384.png, 2008_006143.jpg,brightness, 0.2337228714524207, 0.47
2007_000491.jpg.brightness_385.png, 2007_000491.jpg,brightness, 0.6360601001669449, 0.16
2009_002153.jpg.brightness_386.png, 2009_002153.jpg,brightness, 0.7913188647746244, 0.23
2010_004226.jpg.brightness_387.png, 2010_004226.jpg,brightness, 0.11519198664440734, 0.87
2007_000822.jpg.brightness_388.png, 2007_000822.jpg,brightness, 0.7495826377295493, 0.1
2007_004769.jpg.brightness_389.png, 2007_004769.jpg,brightness, 0.21368948247078465, 0.48
2007_002120.jpg.brightness_390.png, 2007_002120.jpg,brightness, 0.8664440734557596, 0.14
2007_002142.jpg.brightness_391.png, 2007_002142.jpg,brightness, 0.21368948247078465, 0.72
2009_002763.jpg.brightness_392.png, 2009_002763.jpg,brightness, 0.9616026711185309, 0.09
2008_003108.jpg.brightness_393.png, 2008_003108.jpg,brightness, 0.31552587646076796, 0.35
2010_002551.jpg.brightness_394.png, 2010_002551.jpg,brightness, 0.7896494156928214, 0.19
2008_001741.jpg.brightness_395.png, 2008_001741.jpg,brightness, 0.09181969949916528, 0.88
2008_002521.jpg.brightness_396.png, 2008_002521.jpg,brightness, 0.5492487479131887, 0.32
2011_000066.jpg.brightness_397.png, 2011_000066.jpg,brightness, 0.3522537562604341, 0.53
2007_002120.jpg.brightness_398.png, 2007_002120.jpg,brightness, 0.9181969949916527, 0.14
2009_004674.jpg.brightness_399.png, 2009_004674.jpg,brightness, 0.2921535893155259, 0.48
2011_001754.jpg.brightness_400.png, 2011_001754.jpg,brightness, 0.4908180300500835, 0.29
2010_000978.jpg.brightness_401.png, 2010_000978.jpg,brightness, 0.994991652754591, 0.11
2009_002204.jpg.brightness_402.png, 2009_002204.jpg,brightness, 0.19198664440734559, 0.56
2007_008897.jpg.brightness_403.png, 2007_008897.jpg,brightness, 0.5475792988313857, 0.37
2009_001002.jpg.brightness_404.png, 2009_001002.jpg,brightness, 0.5809682804674458, 0.35
2009_003756.jpg.brightness_405.png, 2009_003756.jpg,brightness, 0.4724540901502504, 0.46
2009_005236.jpg.brightness_406.png, 2009_005236.jpg,brightness, 0.12353923205342238, 0.76
2009_002245.jpg.brightness_407.png, 2009_002245.jpg,brightness, 0.649415692821369, 0.26
2007_005266.jpg.brightness_408.png, 2007_005266.jpg,brightness, 0.5742904841402338, 0.29
2011_001991.jpg.brightness_409.png, 2011_001991.jpg,brightness, 0.31719532554257096, 0.69
2007_002618.jpg.brightness_410.png, 2007_002618.jpg,brightness, 0.48914858096828046, 0.3
2010_000810.jpg.brightness_411.png, 2010_000810.jpg,brightness, 0.6277128547579299, 0.18
2008_006353.jpg.brightness_412.png, 2008_006353.jpg,brightness, 0.8330550918196995, 0.13
2011_001447.jpg.brightness_413.png, 2011_001447.jpg,brightness, 0.9716193656093489, 0.07
2007_005988.jpg.brightness_414.png, 2007_005988.jpg,brightness, 0.8948247078464107, 0.07
2008_002043.jpg.brightness_415.png, 2008_002043.jpg,brightness, 0.5592654424040067, 0.16
2007_002198.jpg.brightness_416.png, 2007_002198.jpg,brightness, 0.6928213689482471, 0.28
2011_002027.jpg.brightness_417.png, 2011_002027.jpg,brightness, 0.8714524207011687, 0.11
2008_000657.jpg.brightness_418.png, 2008_000657.jpg,brightness, 0.15358931552587646, 0.57
2008_002467.jpg.brightness_419.png, 2008_002467.jpg,brightness, 0.07345575959933222, 0.88
2011_003205.jpg.brightness_420.png, 2011_003205.jpg,brightness, 0.47579298831385647, 0.28
2007_008778.jpg.brightness_421.png, 2007_008778.jpg,brightness, 0.7111853088480802, 0.18
2008_003546.jpg.brightness_422.png, 2008_003546.jpg,brightness, 0.31719532554257096, 0.49
2008_004750.jpg.brightness_423.png, 2008_004750.jpg,brightness, 0.337228714524207, 0.5
2007_009096.jpg.brightness_424.png, 2007_009096.jpg,brightness, 0.652754590984975, 0.22
2009_002425.jpg.brightness_425.png, 2009_002425.jpg,brightness, 0.2888146911519199, 0.43
2008_002958.jpg.brightness_426.png, 2008_002958.jpg,brightness, 0.6126878130217028, 0.17
2010_003899.jpg.brightness_427.png, 2010_003899.jpg,brightness, 0.4657762938230384, 0.34
2011_001880.jpg.brightness_428.png, 2011_001880.jpg,brightness, 0.7462437395659433, 0.14
2010_003093.jpg.brightness_429.png, 2010_003093.jpg,brightness, 0.5375626043405676, 0.24
2010_002396.jpg.brightness_430.png, 2010_002396.jpg,brightness, 0.9315525876460768, 0.04
2011_001928.jpg.brightness_431.png, 2011_001928.jpg,brightness, 0.988313856427379, 0.08
2010_005788.jpg.brightness_432.png, 2010_005788.jpg,brightness, 0.09181969949916528, 0.64
2007_003991.jpg.brightness_433.png, 2007_003991.jpg,brightness, 0.5058430717863105, 0.44
2007_007726.jpg.brightness_434.png, 2007_007726.jpg,brightness, 0.13522537562604342, 0.63
2007_003131.jpg.brightness_435.png, 2007_003131.jpg,brightness, 0.4507512520868114, 0.23
2011_002335.jpg.brightness_436.png, 2011_002335.jpg,brightness, 0.21702838063439064, 0.56
2008_000223.jpg.brightness_437.png, 2008_000223.jpg,brightness, 0.7529215358931552, 0.17
2007_004241.jpg.brightness_438.png, 2007_004241.jpg,brightness, 0.47746243739565947, 0.26
2010_002551.jpg.brightness_439.png, 2010_002551.jpg,brightness, 0.47579298831385647, 0.44
2009_002568.jpg.brightness_440.png, 2009_002568.jpg,brightness, 0.3806343906510852, 0.36
2010_001457.jpg.brightness_441.png, 2010_001457.jpg,brightness, 0.07512520868113523, 0.8
2009_001137.jpg.brightness_442.png, 2009_001137.jpg,brightness, 0.9549248747913189, 0.16
2008_002521.jpg.brightness_443.png, 2008_002521.jpg,brightness, 0.37061769616026713, 0.58
2007_006585.jpg.brightness_444.png, 2007_006585.jpg,brightness, 0.5843071786310517, 0.18
2010_004763.jpg.brightness_445.png, 2010_004763.jpg,brightness, 0.025041736227045076, 0.88
2009_000013.jpg.brightness_446.png, 2009_000013.jpg,brightness, 0.7078464106844742, 0.13
2008_000763.jpg.brightness_447.png, 2008_000763.jpg,brightness, 0.4590984974958264, 0.28
2011_003256.jpg.brightness_448.png, 2011_003256.jpg,brightness, 0.9499165275459098, 0.09
2008_001761.jpg.brightness_449.png, 2008_001761.jpg,brightness, 0.11352253756260434, 0.59
2011_003011.jpg.brightness_450.png, 2011_003011.jpg,brightness, 0.44073455759599334, 0.46
2009_005038.jpg.brightness_451.png, 2009_005038.jpg,brightness, 0.24207011686143573, 0.54
2010_003293.jpg.brightness_452.png, 2010_003293.jpg,brightness, 0.09682804674457429, 0.84
2010_001247.jpg.brightness_453.png, 2010_001247.jpg,brightness, 0.8564273789649416, 0.07
2011_000813.jpg.brightness_454.png, 2011_000813.jpg,brightness, 0.6944908180300501, 0.09
2009_004789.jpg.brightness_455.png, 2009_004789.jpg,brightness, 0.20534223706176963, 0.79
2009_001163.jpg.brightness_456.png, 2009_001163.jpg,brightness, 0.5626043405676127, 0.22
2007_001609.jpg.brightness_457.png, 2007_001609.jpg,brightness, 0.2003338898163606, 0.57
2009_000405.jpg.brightness_458.png, 2009_000405.jpg,brightness, 0.8196994991652755, 0.09
2007_007398.jpg.brightness_459.png, 2007_007398.jpg,brightness, 0.07512520868113523, 0.77
2011_001135.jpg.brightness_460.png, 2011_001135.jpg,brightness, 0.6427378964941569, 0.16
2007_007818.jpg.brightness_461.png, 2007_007818.jpg,brightness, 0.40901502504173626, 0.36
2010_002480.jpg.brightness_462.png, 2010_002480.jpg,brightness, 0.39065108514190316, 0.34
2008_000923.jpg.brightness_463.png, 2008_000923.jpg,brightness, 0.41068447412353926, 0.26
2008_005300.jpg.brightness_464.png, 2008_005300.jpg,brightness, 0.8747913188647747, 0.27
2008_000144.jpg.brightness_465.png, 2008_000144.jpg,brightness, 0.12353923205342238, 0.76
2007_009899.jpg.brightness_466.png, 2007_009899.jpg,brightness, 0.5191986644407346, 0.56
2010_004074.jpg.brightness_467.png, 2010_004074.jpg,brightness, 0.5208681135225376, 0.43
2010_005919.jpg.brightness_468.png, 2010_005919.jpg,brightness, 0.3722871452420701, 0.24
2011_002149.jpg.brightness_469.png, 2011_002149.jpg,brightness, 0.5308848080133556, 0.24
2007_007947.jpg.brightness_470.png, 2007_007947.jpg,brightness, 0.7762938230383973, 0.05
2007_008072.jpg.brightness_471.png, 2007_008072.jpg,brightness, 0.21869782971619367, 0.57
2007_004380.jpg.brightness_472.png, 2007_004380.jpg,brightness, 0.6427378964941569, 0.16
2011_001346.jpg.brightness_473.png, 2011_001346.jpg,brightness, 0.2554257095158598, 0.66
2007_002119.jpg.brightness_474.png, 2007_002119.jpg,brightness, 0.011686143572621035, 0.99
2009_004171.jpg.brightness_475.png, 2009_004171.jpg,brightness, 0.07846410684474124, 0.9
2009_003299.jpg.brightness_476.png, 2009_003299.jpg,brightness, 0.6160267111853088, 0.3
2010_003768.jpg.brightness_477.png, 2010_003768.jpg,brightness, 0.0667779632721202, 0.76
2009_002727.jpg.brightness_478.png, 2009_002727.jpg,brightness, 0.8230383973288815, 0.16
2008_000811.jpg.brightness_479.png, 2008_000811.jpg,brightness, 0.09015025041736227, 0.71
2007_007726.jpg.brightness_480.png, 2007_007726.jpg,brightness, 0.24540901502504175, 0.51
2010_001347.jpg.brightness_481.png, 2010_001347.jpg,brightness, 0.0951585976627713, 0.83
2009_003806.jpg.brightness_482.png, 2009_003806.jpg,brightness, 0.6994991652754591, 0.12
2010_001692.jpg.brightness_483.png, 2010_001692.jpg,brightness, 0.3522537562604341, 0.38
2008_002704.jpg.brightness_484.png, 2008_002704.jpg,brightness, 0.6010016694490818, 0.2
2010_004478.jpg.brightness_485.png, 2010_004478.jpg,brightness, 0.1652754590984975, 0.67
2010_001292.jpg.brightness_486.png, 2010_001292.jpg,brightness, 0.8263772954924875, 0.17
2008_006289.jpg.brightness_487.png, 2008_006289.jpg,brightness, 0.5258764607679466, 0.34
2007_008948.jpg.brightness_488.png, 2007_008948.jpg,brightness, 0.9115191986644408, 0.16
2010_000675.jpg.brightness_489.png, 2010_000675.jpg,brightness, 0.035058430717863104, 0.98
2007_008526.jpg.brightness_490.png, 2007_008526.jpg,brightness, 0.5125208681135226, 0.46
2007_003451.jpg.brightness_491.png, 2007_003451.jpg,brightness, 0.651085141903172, 0.22
2011_000396.jpg.brightness_492.png, 2011_000396.jpg,brightness, 0.7412353923205343, 0.13
2009_000626.jpg.brightness_493.png, 2009_000626.jpg,brightness, 0.2253756260434057, 0.52
2007_004121.jpg.brightness_494.png, 2007_004121.jpg,brightness, 0.7779632721202003, 0.18
2010_002693.jpg.brightness_495.png, 2010_002693.jpg,brightness, 0.5242070116861436, 0.48
2011_000234.jpg.brightness_496.png, 2011_000234.jpg,brightness, 0.2570951585976628, 0.71
2011_003238.jpg.brightness_497.png, 2011_003238.jpg,brightness, 0.25208681135225375, 0.56
2011_001730.jpg.brightness_498.png, 2011_001730.jpg,brightness, 0.649415692821369, 0.21
2011_002812.jpg.brightness_499.png, 2011_002812.jpg,brightness, 0.5175292153589316, 0.27
2011_001259.jpg.brightness_500.png, 2011_001259.jpg,brightness, 0.8280467445742905, 0.15
2010_001514.jpg.brightness_501.png, 2010_001514.jpg,brightness, 0.4006677796327212, 0.54
2007_004969.jpg.brightness_502.png, 2007_004969.jpg,brightness, 0.5642737896494157, 0.14
2008_005398.jpg.brightness_503.png, 2008_005398.jpg,brightness, 0.6961602671118531, 0.12
2011_003271.jpg.brightness_504.png, 2011_003271.jpg,brightness, 0.654424040066778, 0.18
2007_003872.jpg.brightness_505.png, 2007_003872.jpg,brightness, 0.8714524207011687, 0.04
2008_002719.jpg.brightness_506.png, 2008_002719.jpg,brightness, 0.41903171953255425, 0.33
2009_002387.jpg.brightness_507.png, 2009_002387.jpg,brightness, 0.001669449081803005, 1.0
2009_001481.jpg.brightness_508.png, 2009_001481.jpg,brightness, 0.32053422370617696, 0.44
2010_005978.jpg.brightness_509.png, 2010_005978.jpg,brightness, 0.4223706176961603, 0.35
2007_009779.jpg.brightness_510.png, 2007_009779.jpg,brightness, 0.8547579298831386, 0.19
2007_003101.jpg.brightness_511.png, 2007_003101.jpg,brightness, 0.17195325542570952, 0.49
2009_000387.jpg.brightness_512.png, 2009_000387.jpg,brightness, 0.8564273789649416, 0.08
2009_004732.jpg.brightness_513.png, 2009_004732.jpg,brightness, 0.48747913188647746, 0.17
2009_002872.jpg.brightness_514.png, 2009_002872.jpg,brightness, 0.8564273789649416, 0.1
2007_005978.jpg.brightness_515.png, 2007_005978.jpg,brightness, 0.5642737896494157, 0.28
2009_001363.jpg.brightness_516.png, 2009_001363.jpg,brightness, 0.1669449081803005, 0.62
2009_003961.jpg.brightness_517.png, 2009_003961.jpg,brightness, 0.3522537562604341, 0.36
2009_002382.jpg.brightness_518.png, 2009_002382.jpg,brightness, 0.31385642737896496, 0.42
2007_003451.jpg.brightness_519.png, 2007_003451.jpg,brightness, 0.9215358931552587, 0.1
2007_007003.jpg.brightness_520.png, 2007_007003.jpg,brightness, 0.3722871452420701, 0.46
2008_004621.jpg.brightness_521.png, 2008_004621.jpg,brightness, 0.20868113522537562, 0.58
2009_001385.jpg.brightness_522.png, 2009_001385.jpg,brightness, 0.33889816360601005, 0.27
2007_006865.jpg.brightness_523.png, 2007_006865.jpg,brightness, 0.6761268781302171, 0.23
2007_009654.jpg.brightness_524.png, 2007_009654.jpg,brightness, 0.5008347245409015, 0.42
2009_001804.jpg.brightness_525.png, 2009_001804.jpg,brightness, 0.9732888146911519, 0.06
2011_001133.jpg.brightness_526.png, 2011_001133.jpg,brightness, 0.0667779632721202, 0.97
2010_005744.jpg.brightness_527.png, 2010_005744.jpg,brightness, 0.02337228714524207, 0.93
2008_000673.jpg.brightness_528.png, 2008_000673.jpg,brightness, 0.330550918196995, 0.48
2008_001013.jpg.brightness_529.png, 2008_001013.jpg,brightness, 0.31385642737896496, 0.49
2010_000063.jpg.brightness_530.png, 2010_000063.jpg,brightness, 1.0, 0.05
2010_003708.jpg.brightness_531.png, 2010_003708.jpg,brightness, 0.9782971619365609, 0.08
2007_007795.jpg.brightness_532.png, 2007_007795.jpg,brightness, 0.7646076794657763, 0.12
2007_004707.jpg.brightness_533.png, 2007_004707.jpg,brightness, 0.00667779632721202, 0.99
2008_005294.jpg.brightness_534.png, 2008_005294.jpg,brightness, 0.3806343906510852, 0.28
2008_005628.jpg.brightness_535.png, 2008_005628.jpg,brightness, 0.9298831385642738, 0.18
2009_002416.jpg.brightness_536.png, 2009_002416.jpg,brightness, 0.01669449081803005, 0.94
2009_002912.jpg.brightness_537.png, 2009_002912.jpg,brightness, 0.7512520868113522, 0.23
2009_002448.jpg.brightness_538.png, 2009_002448.jpg,brightness, 0.6777963272120201, 0.29
2008_003060.jpg.brightness_539.png, 2008_003060.jpg,brightness, 0.664440734557596, 0.14
2010_002907.jpg.brightness_540.png, 2010_002907.jpg,brightness, 0.1302170283806344, 0.65
2010_003119.jpg.brightness_541.png, 2010_003119.jpg,brightness, 0.44574290484140233, 0.2
2009_004434.jpg.brightness_542.png, 2009_004434.jpg,brightness, 0.659432387312187, 0.24
2007_009947.jpg.brightness_543.png, 2007_009947.jpg,brightness, 0.5191986644407346, 0.41
2010_002892.jpg.brightness_544.png, 2010_002892.jpg,brightness, 0.7896494156928214, 0.19
2007_003917.jpg.brightness_545.png, 2007_003917.jpg,brightness, 0.8948247078464107, 0.07
2010_004543.jpg.brightness_546.png, 2010_004543.jpg,brightness, 0.8681135225375626, 0.11
2007_008403.jpg.brightness_547.png, 2007_008403.jpg,brightness, 0.5342237061769616, 0.51
2010_000189.jpg.brightness_548.png, 2010_000189.jpg,brightness, 0.7929883138564274, 0.14
2009_000080.jpg.brightness_549.png, 2009_000080.jpg,brightness, 0.8146911519198665, 0.12
2010_001820.jpg.brightness_550.png, 2010_001820.jpg,brightness, 0.3055091819699499, 0.35
2008_007242.jpg.brightness_551.png, 2008_007242.jpg,brightness, 0.9565943238731219, 0.21
2010_004219.jpg.brightness_552.png, 2010_004219.jpg,brightness, 0.5726210350584308, 0.2
2010_003010.jpg.brightness_553.png, 2010_003010.jpg,brightness, 0.6961602671118531, 0.12
2009_003200.jpg.brightness_554.png, 2009_003200.jpg,brightness, 0.8430717863105176, 0.09
2010_002499.jpg.brightness_555.png, 2010_002499.jpg,brightness, 0.5592654424040067, 0.29
2008_000348.jpg.brightness_556.png, 2008_000348.jpg,brightness, 0.47913188647746247, 0.25
2011_000813.jpg.brightness_557.png, 2011_000813.jpg,brightness, 0.654424040066778, 0.1
2007_001834.jpg.brightness_558.png, 2007_001834.jpg,brightness, 0.005008347245409015, 0.99
2010_003157.jpg.brightness_559.png, 2010_003157.jpg,brightness, 0.5492487479131887, 0.32
2011_000573.jpg.brightness_560.png, 2011_000573.jpg,brightness, 0.36894824707846413, 0.48
2008_004477.jpg.brightness_561.png, 2008_004477.jpg,brightness, 0.5659432387312188, 0.15
2009_002849.jpg.brightness_562.png, 2009_002849.jpg,brightness, 0.19198664440734559, 0.64
2007_005212.jpg.brightness_563.png, 2007_005212.jpg,brightness, 0.5459098497495827, 0.23
2009_000619.jpg.brightness_564.png, 2009_000619.jpg,brightness, 0.672787979966611, 0.18
2011_000895.jpg.brightness_565.png, 2011_000895.jpg,brightness, 0.8280467445742905, 0.06
2011_003057.jpg.brightness_566.png, 2011_003057.jpg,brightness, 0.7362270450751253, 0.19
2008_004477.jpg.brightness_567.png, 2008_004477.jpg,brightness, 0.2988313856427379, 0.31
2007_001724.jpg.brightness_568.png, 2007_001724.jpg,brightness, 0.6026711185308848, 0.13
2011_000051.jpg.brightness_569.png, 2011_000051.jpg,brightness, 0.5726210350584308, 0.23
2009_004919.jpg.brightness_570.png, 2009_004919.jpg,brightness, 0.44240400667779634, 0.35
2008_008550.jpg.brightness_571.png, 2008_008550.jpg,brightness, 0.8948247078464107, 0.18
2010_004348.jpg.brightness_572.png, 2010_004348.jpg,brightness, 0.48080133555926546, 0.26
2009_000845.jpg.brightness_573.png, 2009_000845.jpg,brightness, 0.9699499165275459, 0.12
2008_004911.jpg.brightness_574.png, 2008_004911.jpg,brightness, 0.035058430717863104, 0.97
2007_005878.jpg.brightness_575.png, 2007_005878.jpg,brightness, 0.2370617696160267, 0.6
2009_002519.jpg.brightness_576.png, 2009_002519.jpg,brightness, 0.32220367278797996, 0.38
2007_009605.jpg.brightness_577.png, 2007_009605.jpg,brightness, 0.333889816360601, 0.53
2009_002171.jpg.brightness_578.png, 2009_002171.jpg,brightness, 0.05843071786310518, 0.77
2008_008051.jpg.brightness_579.png, 2008_008051.jpg,brightness, 0.8447412353923206, 0.13
2011_000573.jpg.brightness_580.png, 2011_000573.jpg,brightness, 0.15859766277128548, 0.82
2009_004494.jpg.brightness_581.png, 2009_004494.jpg,brightness, 0.11519198664440734, 0.75
2009_004687.jpg.brightness_582.png, 2009_004687.jpg,brightness, 0.3722871452420701, 0.49
2008_000923.jpg.brightness_583.png, 2008_000923.jpg,brightness, 0.984974958263773, 0.06
2008_001971.jpg.brightness_584.png, 2008_001971.jpg,brightness, 0.7712854757929883, 0.07
2009_002674.jpg.brightness_585.png, 2009_002674.jpg,brightness, 0.9482470784641068, 0.14
2009_001145.jpg.brightness_586.png, 2009_001145.jpg,brightness, 0.8414023372287146, 0.13
2007_009392.jpg.brightness_587.png, 2007_009392.jpg,brightness, 0.98330550918197, 0.11
2009_005055.jpg.brightness_588.png, 2009_005055.jpg,brightness, 0.5292153589315526, 0.24
2009_003858.jpg.brightness_589.png, 2009_003858.jpg,brightness, 0.17529215358931552, 0.64
2007_007084.jpg.brightness_590.png, 2007_007084.jpg,brightness, 0.6444073455759599, 0.11
2010_004478.jpg.brightness_591.png, 2010_004478.jpg,brightness, 0.986644407345576, 0.07
2008_000470.jpg.brightness_592.png, 2008_000470.jpg,brightness, 0.9148580968280468, 0.18
2007_006046.jpg.brightness_593.png, 2007_006046.jpg,brightness, 0.4641068447412354, 0.59
2009_005137.jpg.brightness_594.png, 2009_005137.jpg,brightness, 0.09348914858096828, 0.81
2007_000243.jpg.brightness_595.png, 2007_000243.jpg,brightness, 0.28213689482470783, 1.03
2010_003799.jpg.brightness_596.png, 2010_003799.jpg,brightness, 0.31051752921535897, 0.37
2011_001714.jpg.brightness_597.png, 2011_001714.jpg,brightness, 0.12186978297161936, 0.69
2009_002155.jpg.brightness_598.png, 2009_002155.jpg,brightness, 0.5926544240400667, 0.44
2007_001487.jpg.brightness_599.png, 2007_001487.jpg,brightness, 0.5208681135225376, 0.22